periodo,inpc
1988/01/01,4.63698010645697
1988/01/02,4.7995115679826
1988/02/01,5.04170434399378
1988/02/02,5.18186463725885
1988/03/01,5.3323751509969
1988/03/02,5.41472154445054
1988/04/01,5.52664266068123
1988/04/02,5.55124042925206
1988/05/01,5.61551343857053
1988/05/02,5.6767040207502
1988/06/01,5.73970986758444
1988/06/02,5.78287420863258
1988/07/01,5.84476520114715
1988/07/02,5.87015093134428
1988/08/01,5.90897086331811
1988/08/02,5.91371728305788
1988/09/01,5.94498241923869
1988/09/02,5.94529843277691
1988/10/01,5.97352673065689
1988/10/02,6.00744897083734
1988/11/01,6.0572584031312
1988/11/02,6.08405168871251
1988/12/01,6.17614580469605
1988/12/02,6.21848954665395
1989/01/01,6.32110225097887
1989/01/02,6.3769465057508
1989/02/01,6.42562657818529
1989/02/02,6.44474021672276
1989/03/01,6.48704510455707
1989/03/02,6.52284011349465
1989/04/01,6.58967542275152
1989/04/02,6.6147751865985
1989/05/01,6.66999673928346
1989/05/02,6.71620258112642
1989/06/01,6.76335542747611
1989/06/02,6.785414208583
1989/07/01,6.82902511302512
1989/07/02,6.85527133254628
1989/08/01,6.89718612497897
1989/08/02,6.91747937470927
1989/09/01,6.95319253095964
1989/09/02,6.99359304868231
1989/10/01,7.06030298863363
1989/10/02,7.09274669989708
1989/11/01,7.15136669325906
1989/11/02,7.20034671952792
1989/12/01,7.32782399073863
1989/12/02,7.50823508383692
1990/01/01,7.72941088730843
1990/01/02,7.82266337422997
1990/02/01,7.91466890281192
1990/02/02,7.98957240034858
1990/03/01,8.06669058293016
1990/03/02,8.11793243724758
1990/04/01,8.18086627443957
1990/04/02,8.25007790189615
1990/05/01,8.32046085166551
1990/05/02,8.39721743187015
1990/06/01,8.51061552285294
1990/06/02,8.57526153175822
1990/07/01,8.66300450395306
1990/07/02,8.73446656224833
1990/08/01,8.82487440926738
1990/08/02,8.86902771727493
1990/09/01,8.94629250941613
1990/09/02,8.99983193757663
1990/10/01,9.07756142503606
1990/10/02,9.12655854711972
1990/11/01,9.23476106469364
1990/11/02,9.45268503704775
1990/12/01,9.57993695434146
1990/12/02,9.69649259043587
1991/01/01,9.8453753754222
1991/01/02,9.92238424840285
1991/02/01,10.0223849195121
1991/02/02,10.0904656329437
1991/03/01,10.1735901449802
1991/03/02,10.226091909012
1991/04/01,10.2882237970927
1991/04/02,10.3251512742202
1991/05/01,10.3770386250443
1991/05/02,10.4378458465375
1991/06/01,10.5041283911293
1991/06/02,10.5291665064337
1991/07/01,10.5887226251472
1991/07/02,10.6304462552918
1991/08/01,10.6703914026857
1991/08/02,10.6964542307433
1991/09/01,10.7673381396794
1991/09/02,10.8123654064404
1991/10/01,10.8761649135067
1991/10/02,10.9545202113836
1991/11/01,11.1136205947683
1991/11/02,11.2591277334959
1991/12/01,11.3936862982473
1991/12/02,11.5056747616255
1992/01/01,11.6167421232466
1992/01/02,11.6988191281102
1992/02/01,11.7704443737244
1992/02/02,11.8213603714586
1992/03/01,11.8897716039688
1992/03/02,11.9421283126059
1992/04/01,12.0030531325808
1992/04/02,12.0412923249204
1992/05/01,12.0845918783183
1992/05/02,12.1182866923621
1992/06/01,12.1654027568078
1992/06/02,12.2012894614776
1992/07/01,12.2436860450425
1992/07/02,12.2768602138297
1992/08/01,12.3179554432824
1992/08/02,12.3532318791837
1992/09/01,12.4234614846783
1992/09/02,12.4623363304803
1992/10/01,12.5123566111515
1992/10/02,12.5526333137335
1992/11/01,12.6069192591216
1992/11/02,12.6663230696707
1992/12/01,12.7790751460913
1992/12/02,12.8540345935656
1993/01/01,12.9507217850141
1993/01/02,13.003920851051
1993/02/01,13.0649461736913
1993/02/02,13.1017472454031
1993/03/01,13.1418260509819
1993/03/02,13.1773641046495
1993/04/01,13.2167181513094
1993/04/02,13.25424398194
1993/05/01,13.2920625136351
1993/05/02,13.3302141546833
1993/06/01,13.3681673806734
1993/06/02,13.4034282749256
1993/07/01,13.4358978889379
1993/07/02,13.4643520587896
1993/08/01,13.5054799257054
1993/08/02,13.5387447541146
1993/09/01,13.6072471643015
1993/09/02,13.6372741490767
1993/10/01,13.6668892801415
1993/10/02,13.6890584069596
1993/11/01,13.7247026618983
1993/11/02,13.7519052109149
1993/12/01,13.8060859911413
1993/12/02,13.8800264244674
1994/01/01,13.9344128725224
1994/01/02,13.9663343843643
1994/02/01,14.0058117281094
1994/02/02,14.0384346863964
1994/03/01,14.0788336499542
1994/03/02,14.1096097422321
1994/04/01,14.1487057975111
1994/04/02,14.1777982111004
1994/05/01,14.2157674967952
1994/05/02,14.2475967948502
1994/06/01,14.2862535395058
1994/06/02,14.319537017894
1994/07/01,14.3542710502299
1994/07/02,14.3783849554473
1994/08/01,14.4169054516422
1994/08/02,14.4496708750496
1994/09/01,14.51986266253
1994/09/02,14.552013672729
1994/10/01,14.5962084251352
1994/10/02,14.6282832812519
1994/11/01,14.673319354947
1994/11/02,14.7074053005018
1994/12/01,14.7721735703828
1994/12/02,14.8662383675153
1995/01/01,15.2129352665883
1995/01/02,15.5410179321263
1995/02/01,15.8787162161736
1995/02/02,16.1786695323322
1995/03/01,16.6819879217043
1995/03/02,17.2653898403705
1995/04/01,18.1293698188939
1995/04/02,18.5227533148334
1995/05/01,18.9269004391204
1995/05/02,19.2571361411608
1995/06/01,19.5751726845003
1995/06/02,19.8210193022943
1995/07/01,20.0213708496807
1995/07/02,20.177805840185
1995/08/01,20.3593566542423
1995/08/02,20.5064625106422
1995/09/01,20.7626427711506
1995/09/02,20.948785624562
1995/10/01,21.17855855045
1995/10/02,21.3911092565366
1995/11/01,21.6853214873926
1995/11/02,21.9338951466089
1995/12/01,22.2809225647605
1995/12/02,22.7595556342696
1996/01/01,23.1942726649536
1996/01/02,23.4652351063
1996/02/01,23.7511232297148
1996/02/02,23.9972573680239
1996/03/01,24.2553031445204
1996/03/02,24.5444923142767
1996/04/01,24.9806443572586
1996/04/02,25.2063987306554
1996/05/01,25.4454997545375
1996/05/02,25.6561849446368
1996/06/01,25.8772027413396
1996/06/02,26.0566005188939
1996/07/01,26.2480539539193
1996/07/02,26.4240071839023
1996/08/01,26.6118725701274
1996/08/02,26.7604139568807
1996/09/01,27.0379784909099
1996/09/02,27.1875243862725
1996/10/01,27.3782603151489
1996/10/02,27.5242181617104
1996/11/01,27.7686297672073
1996/11/02,27.9656802682516
1996/12/01,28.6206975894878
1996/12/02,28.8979751210575
1997/01/01,29.3608215011194
1997/01/02,29.6368070035654
1997/02/01,29.9015983739738
1997/02/02,30.0875977261562
1997/03/01,30.2863707600134
1997/03/02,30.4495508263755
1997/04/01,30.6269395867119
1997/04/02,30.7650043475772
1997/05/01,30.9138327367908
1997/05/02,31.0384063098316
1997/06/01,31.1896747380071
1997/06/02,31.31223929383
1997/07/01,31.4630767002607
1997/07/02,31.5832017351764
1997/08/01,31.7350441682718
1997/08/02,31.8718169000135
1997/09/01,32.1485199086085
1997/09/02,32.2507052175739
1997/10/01,32.4029781543587
1997/10/02,32.510903512518
1997/11/01,32.7446949908964
1997/11/02,32.8955323973271
1997/12/01,33.1441060565441
1997/12/02,33.4154995196353
1998/01/01,33.8644242081826
1998/01/02,34.1434237545105
1998/02/01,34.5132704584808
1998/02/02,34.6852051359735
1998/03/01,34.9254546877494
1998/03/02,35.0834681917829
1998/04/01,35.2618614607278
1998/04/02,35.4023662605558
1998/05/01,35.5398564984472
1998/05/02,35.6869628729025
1998/06/01,35.9580688154787
1998/06/02,36.1107722559529
1998/07/01,36.3078227569971
1998/07/02,36.455933640061
1998/08/01,36.6446600336649
1998/08/02,36.8184607452003
1998/09/01,37.1680711854889
1998/09/02,37.4866817337475
1998/10/01,37.7790284486147
1998/10/02,37.945509561319
1998/11/01,38.3146382410857
1998/11/02,38.7510772865271
1998/12/01,39.2941506971137
1998/12/02,39.6516547411533
1999/01/01,40.2940423999992
1999/01/02,40.6455183562759
1999/02/01,40.9276754477147
1999/02/02,41.0996101252073
1999/03/01,41.2959431201026
1999/03/02,41.493424124837
1999/04/01,41.6870305963647
1999/04/02,41.8619793177392
1999/05/01,41.9643076098796
1999/05/02,42.0873026693919
1999/06/01,42.2441681635863
1999/06/02,42.3599876435513
1999/07/01,42.5247467414974
1999/07/02,42.63841318496
1999/08/01,42.770736860522
1999/08/02,42.8719171428233
1999/09/01,43.1702914273995
1999/09/02,43.2998885795946
1999/10/01,43.4607726262794
1999/10/02,43.5569298474818
1999/11/01,43.821147212971
1999/11/02,43.9704061058733
1999/12/01,44.1940074427685
1999/12/02,44.4770255415868
2000/01/01,44.8092702608443
2000/01/02,45.0522463359877
2000/02/01,45.2725471445955
2000/02/02,45.3860700868284
2000/03/01,45.5304494198622
2000/03/02,45.6310556972444
2000/04/01,45.7863426779103
2000/04/02,45.8936940311505
2000/05/01,45.9663144603837
2000/05/02,46.0564435938232
2000/06/01,46.2299573028991
2000/06/02,46.3378831791131
2000/07/01,46.4337533978559
2000/07/02,46.495035675767
2000/08/01,46.6158782168317
2000/08/02,46.8236923462242
2000/09/01,47.0342335170383
2000/09/02,47.0879097117134
2000/10/01,47.2951498361861
2000/10/02,47.4751216186602
2000/11/01,47.7321628865474
2000/11/02,47.8485563714316
2000/12/01,48.1928567481617
2000/12/02,48.4224856547644
2001/01/01,48.5596894082509
2001/01/02,48.5912633052001
2001/02/01,48.5275409883264
2001/02/02,48.559115403331
2001/03/01,48.7238739832216
2001/03/02,48.977757705998
2001/04/01,49.0506651376908
2001/04/02,49.1438083150122
2001/05/01,49.155433468794
2001/05/02,49.264507354847
2001/06/01,49.3171785228574
2001/06/02,49.3355487524971
2001/07/01,49.159021517595
2001/07/02,49.2375260153067
2001/08/01,49.4074516755815
2001/08/02,49.5717797517827
2001/09/01,49.9058905050837
2001/09/02,49.9948716286841
2001/10/01,50.1194457197796
2001/10/02,50.2328251607826
2001/11/01,50.3723249339466
2001/11/02,50.3578292375128
2001/12/01,50.4359032315351
2001/12/02,50.4337507130875
2002/01/01,50.8010138768668
2002/01/02,51.0000739131836
2002/02/01,50.8670322134173
2002/02/02,50.8684672257159
2002/03/01,51.0157171014011
2002/03/02,51.2403234649596
2002/04/01,51.4713526741774
2002/04/02,51.3432257620192
2002/05/01,51.4835865425627
2002/05/02,51.5392717544549
2002/06/01,51.7198175418482
2002/06/02,51.8054981371619
2002/07/01,51.8728452847399
2002/07/02,51.9500354769645
2002/08/01,52.0785131123445
2002/08/02,52.139125545165
2002/09/01,52.3965988709072
2002/09/02,52.4468502041003
2002/10/01,52.6245430627103
2002/10/02,52.6820471656425
2002/11/01,53.0032412540928
2002/11/02,53.1539952536721
2002/12/01,53.2741840093508
2002/12/02,53.3456755967794
2003/01/01,53.5145615207066
2003/01/02,53.5363198299244
2003/02/01,53.6161002970559
2003/02/02,53.7321446128831
2003/03/01,53.9440291002637
2003/03/02,54.0818317253088
2003/04/01,54.0880483850855
2003/04/02,54.122240013856
2003/05/01,53.8989583168843
2003/05/02,53.9616429696308
2003/06/01,53.9507638150219
2003/06/02,53.9994609832705
2003/07/01,54.0455678766129
2003/07/02,54.0616275810355
2003/08/01,54.1595399725149
2003/08/02,54.2709217935092
2003/09/01,54.5278770642699
2003/09/02,54.5480812085432
2003/10/01,54.7019435380108
2003/10/02,54.7744712354025
2003/11/01,55.1505791518781
2003/11/02,55.234504058861
2003/12/01,55.3578011444272
2003/12/02,55.5023384842298
2004/01/01,55.6852118926543
2004/01/02,55.8634228062459
2004/02/01,56.0421517748189
2004/02/02,56.1737377400873
2004/03/01,56.2773487363619
2004/03/02,56.3193111898529
2004/04/01,56.3177570249091
2004/04/02,56.4477888252329
2004/05/01,56.2369404478146
2004/05/02,56.2467834924605
2004/06/01,56.2985889905981
2004/06/02,56.3649000282138
2004/07/01,56.4488249351959
2004/07/02,56.5104734779787
2004/08/01,56.7254662952484
2004/08/02,56.9306160678714
2004/09/01,57.2450754415642
2004/09/02,57.3507586577634
2004/10/01,57.6460499971453
2004/10/02,57.7434443336431
2004/11/01,58.1133355903427
2004/11/02,58.2609812600337
2004/12/01,58.3490506068671
2004/12/02,58.2656437548658
2005/01/01,58.3143409231151
2005/01/02,58.3039798234877
2005/02/01,58.4034463799109
2005/02/02,58.6034156027203
2005/03/01,58.7215321384729
2005/03/02,58.8127098151947
2005/04/01,58.8593347635179
2005/04/02,59.0940136700793
2005/05/01,58.8458653340022
2005/05/02,58.8101195402879
2005/06/01,58.7246404683612
2005/06/02,58.8189264749707
2005/07/01,58.9836679590473
2005/07/02,59.0204498627246
2005/08/01,59.0629303711972
2005/08/02,59.0810622955451
2005/09/01,59.2913926179818
2005/09/02,59.3266203567154
2005/10/01,59.4380021777097
2005/10/02,59.471157696518
2005/11/01,59.8690239222114
2005/11/02,59.8964808362236
2005/12/01,60.1451472272823
2005/12/02,60.3549594947375
2006/01/01,60.5476759478079
2006/01/02,60.6595758237845
2006/02/01,60.702056332257
2006/02/02,60.6906591226666
2006/03/01,60.7155257617728
2006/03/02,60.829497857674
2006/04/01,60.845039507115104
2006/04/02,60.8776769709418
2006/05/01,60.579795356653
2006/05/02,60.6015536658708
2006/06/01,60.6461063942687
2006/06/02,60.6404077894735
2006/07/01,60.7771743045556
2006/07/02,60.8414131222459
2006/08/01,61.0216962557628
2006/08/02,61.2175210387215
2006/09/01,61.5848220205143
2006/09/02,61.8884022395975
2006/10/01,62.0629867683199
2006/10/02,61.9505688373625
2006/11/01,62.2676184859614
2006/11/02,62.3966141763237
2006/12/01,62.6375097426611
2006/12/02,62.7473373987116
2007/01/01,62.9545593912607
2007/01/02,63.077856476827
2007/02/01,63.1669619336228
2007/02/02,63.218249376779
2007/03/01,63.2695368199343
2007/03/02,63.3892075206315
2007/04/01,63.2565854454001
2007/04/02,63.3260048129042
2007/05/01,63.0017023945655
2007/05/02,62.9633663259436
2007/06/01,63.0151718240812
2007/06/02,63.1016870059702
2007/07/01,63.2565854454001
2007/07/02,63.3954241804075
2007/08/01,63.5249379257505
2007/08/02,63.6435725164846
2007/09/01,64.0398845772342
2007/09/02,64.1155206045142
2007/10/01,64.3201523221558
2007/10/02,64.334139806653
2007/11/01,64.74806573676901
2007/11/02,64.8143767743847
2007/12/01,64.9418182998024
2007/12/02,65.1568111170713
2008/01/01,65.3350220306629
2008/01/02,65.3661053295458
2008/02/01,65.4484760715833
2008/02/02,65.6411925246537
2008/03/01,65.9546157883835
2008/03/02,66.084647588708
2008/04/01,66.1235017123107
2008/04/02,66.2167516089579
2008/05/01,66.0416490252539
2008/05/02,66.1556211211559
2008/06/01,66.3441931343748
2008/06/02,66.4006611273446
2008/07/01,66.6550261231978
2008/07/02,66.8296106519202
2008/08/01,67.0357965345063
2008/08/02,67.2197060528931
2008/09/01,67.5139612823119
2008/09/02,67.6559083472084
2008/10/01,67.98539131536
2008/10/02,68.1050620160571
2008/11/01,68.7479682479393
2008/11/02,68.889915312835
2008/12/01,69.2028205215833
2008/12/02,69.3882842049147
2009/01/01,69.4918952011892
2009/01/02,69.4204036137598
2009/02/01,69.5390382044939
2009/02/02,69.6799491594266
2009/03/01,69.8954600316778
2009/03/02,70.124440333444
2009/04/01,70.2244249448487
2009/04/02,70.2855554326507
2009/05/01,70.0446598663126
2009/05/02,70.0565751308838
2009/06/01,70.150861137494
2009/06/02,70.2078471854446
2009/07/01,70.348758140378
2009/07/02,70.3917567038313
2009/08/01,70.4694649510375
2009/08/02,70.6083036860448
2009/09/01,70.8864992110411
2009/09/02,70.8989325305945
2009/10/01,71.1444905917648
2009/10/02,71.0698906744471
2009/11/01,71.4434083160158
2009/11/02,71.50920129865
2009/12/01,71.6910385971114
2009/12/02,71.8521536963181
2010/01/01,72.3898947669819
2010/01/02,72.7141971853206
2010/02/01,72.846819260552
2010/02/02,73.096521761573
2010/03/01,73.4306672245575
2010/03/02,73.5487837603101
2010/04/01,73.3223937334508
2010/04/02,73.1887355482571
2010/05/01,72.7950137624144
2010/05/02,72.7924234875075
2010/06/01,72.7608221336439
2010/06/02,72.7815443328986
2010/07/01,72.8892997690238
2010/07/02,72.9695982911368
2010/08/01,73.084606497001
2010/08/02,73.1783744486297
2010/09/01,73.4731477330301
2010/09/02,73.5570726400122
2010/10/01,73.9119403022515
2010/10/02,74.0259123981534
2010/11/01,74.5304979500098
2010/11/02,74.5931826027556
2010/12/01,74.7372018875766
2010/12/02,75.1247070136427
2011/01/01,75.2554240038464
2011/01/02,75.3365586874211
2011/02/01,75.4913155838692
2011/02/02,75.6656049041409
2011/03/01,75.7024160105776
2011/03/02,75.7437345994351
2011/04/01,75.6753711160526
2011/04/02,75.7602620349781
2011/05/01,75.1923192499549
2011/05/02,75.1254582607128
2011/06/01,75.0841396718553
2011/06/02,75.2261253681111
2011/07/01,75.4635194422742
2011/07/02,75.5694452791634
2011/08/01,75.6340525271951
2011/08/02,75.6370575154757
2011/09/01,75.7970731414147
2011/09/02,75.8444017068333
2011/10/01,76.3094236432478
2011/10/02,76.3567522086664
2011/11/01,77.0944768315403
2011/11/02,77.2221888334635
2011/12/01,77.6128373099345
2011/12/02,77.9719334094597
2012/01/01,78.2198449426047
2012/01/02,78.4662539816095
2012/02/01,78.5203437706593
2012/02/02,78.4835326642226
2012/03/01,78.5210950177294
2012/03/02,78.5729310655688
2012/04/01,78.2453873429894
2012/04/02,78.3558206622994
2012/05/01,77.9816996213715
2012/05/02,78.1259390588377
2012/06/01,78.3145020734419
2012/06/02,78.5128312999579
2012/07/01,78.8185888575035
2012/07/02,78.8892060820963
2012/08/01,78.9966344131258
2012/08/02,79.1844461806599
2012/09/01,79.3820241601058
2012/09/02,79.4962137147665
2012/10/01,79.8538073201514
2012/10/02,79.8275136726967
2012/11/01,80.457058717471
2012/11/02,80.3090630446541
2012/12/01,80.5291784362041
2012/12/02,80.6073081314983
2013/01/01,80.7312638980708
2013/01/02,81.0535488911593
2013/02/01,81.2466193881844
2013/02/02,81.3360177895306
2013/03/01,81.7597211370876
2013/03/02,82.0151451409339
2013/04/01,81.93851793978
2013/04/02,81.9445279163411
2013/05/01,81.6613077708997
2013/05/02,81.6763327123024
2013/06/01,81.6380191117255
2013/06/02,81.5997055111485
2013/07/01,81.5997055111485
2013/07/02,81.5839293226756
2013/08/01,81.7965322435243
2013/08/02,81.8521245267143
2013/09/01,82.1285834485245
2013/09/02,82.1368471662961
2013/10/01,82.4666446300859
2013/10/02,82.5793316906064
2013/11/01,83.2817477011839
2013/11/02,83.3020313720777
2013/12/01,83.6378388124286
2013/12/02,83.9030290281868
2014/01/01,84.4702205661398
2014/01/02,84.5678826852575
2014/02/01,84.6685497926558
2014/02/02,84.7970130416491
2014/03/01,84.9435062203257
2014/03/02,84.9863273033235
2014/04/01,84.8285654185949
2014/04/02,84.7857443355971
2014/05/01,84.4732255544203
2014/05/02,84.5986838151331
2014/06/01,84.6670472985155
2014/06/02,84.697097181321
2014/07/01,84.8646252779614
2014/07/02,84.9652923853597
2014/08/01,85.1260592583689
2014/08/02,85.3131197788329
2014/09/01,85.5895787006431
2014/09/02,85.6031011479055
2014/10/01,86.0290582366729
2014/10/02,86.1101929202476
2014/11/01,86.7449966945129
2014/11/02,86.7833102950898
2014/12/01,87.1431576416852
2014/12/02,87.235561031312
2015/01/01,87.0725404170924
2015/01/02,87.1469138770359
2015/02/01,87.2385660195925
2015/02/02,87.3114369853957
2015/03/01,87.4684476230543
2015/03/02,87.7922351102831
2015/04/01,87.3963279043212
2015/04/02,87.412104092794
2015/05/01,86.9485846505199
2015/05/02,86.9853957569565
2015/06/01,87.1003365586874
2015/06/02,87.1251277120019
2015/07/01,87.2070136426468
2015/07/02,87.2753771260292
2015/08/01,87.3760442334275
2015/08/02,87.4737063525452
2015/09/01,87.7539215097061
2015/09/02,87.7509165214256
2015/10/01,88.1565899392992
2015/10/02,88.2519983172066
2015/11/01,88.7117615241301
2015/11/02,88.6599254762906
2015/12/01,88.8883045856121
2015/12/02,89.2045796021395
2016/01/01,89.2286195083839
2016/01/02,89.5441432778412
2016/02/01,89.7995672816876
2016/02/02,89.7552437045495
2016/03/01,89.8416371176152
2016/03/02,89.9776128373099
2016/04/01,89.6673477973436
2016/04/02,89.5839593725584
2016/05/01,89.1504898130897
2016/05/02,89.2999879800469
2016/06/01,89.3202716509406
2016/06/02,89.3277841216419
2016/07/01,89.5756956547869
2016/07/02,89.5388845483503
2016/08/01,89.8198509525813
2016/08/02,89.7988160346175
2016/09/01,90.2818679007152
2016/09/02,90.4336198088827
2016/10/01,90.8798605685438
2016/10/02,90.9324478634533
2016/11/01,91.6341126269608
2016/11/02,91.5995552617345
2016/12/01,91.9804375262936
2016/12/02,92.0983833163051
2017/01/01,93.4919466314081
2017/01/02,93.7158182583088
2017/02/01,94.0283370394855
2017/02/02,94.26122363122781
2017/03/01,94.5917723420879
2017/03/02,94.8524550754252
2017/04/01,94.7097181320993
2017/04/02,94.9681471242262
2017/05/01,94.647364625278
2017/05/02,94.8036240158663
2017/06/01,94.9471122062624
2017/06/02,94.9794158302783
2017/07/01,95.2032874571789
2017/07/02,95.4429352725524
2017/08/01,95.7374241240459
2017/08/02,95.8493599374962
2017/09/01,96.1761524130056
2017/09/02,96.0101268105054
2017/10/01,96.6043632429834
2017/10/02,96.7914237634473
2017/11/01,97.6771440591382
2017/11/02,97.7124526714346
2017/12/01,98.1376585131318
2017/12/02,98.4081074583809
2018/01/01,98.6424965442635
2018/01/02,98.9475028547389
2018/02/01,99.1503395636757
2018/02/02,99.1931606466735
2018/03/01,99.4853957569565
2018/03/02,99.4981669571489
2018/04/01,99.1540957990264
2018/04/02,99.1563495402368
2018/05/01,98.8678706653044
2018/05/02,99.1210409279404
2018/06/01,99.2540116593545
2018/06/02,99.498918204219
2018/07/01,99.8189494560971
2018/07/02,100.0
2018/08/01,100.343
2018/08/02,100.641
2018/09/01,100.865
2018/09/02,100.97
2018/10/01,101.372
2018/10/02,101.509
2018/11/01,102.132
2018/11/02,102.473
2018/12/01,103.049
2018/12/02,102.992
2019/01/01,103.105
2019/01/02,103.112
2019/02/01,103.009
2019/02/02,103.15
2019/03/01,103.415
2019/03/02,103.537
2019/04/01,103.501
2019/04/02,103.562
2019/05/01,103.25
2019/05/02,103.216
2019/06/01,103.225
2019/06/02,103.373
2019/07/01,103.654
2019/07/02,103.72
2019/08/01,103.642
2019/08/02,103.697
2019/09/01,103.877
2019/09/02,104.007
2019/10/01,104.42
2019/10/02,104.587
2019/11/01,105.299
2019/11/02,105.393
2019/12/01,105.763
2019/12/02,106.105
2020/01/01,106.388
2020/01/02,106.506
2020/02/01,106.636
2020/02/02,107.141
2020/03/01,107.254
2020/03/02,106.422
2020/04/01,105.655
2020/04/02,105.854
2020/05/01,106.167
2020/05/02,106.158
2020/06/01,106.495
2020/06/02,106.991
2020/07/01,107.371
2020/07/02,107.517
2020/08/01,107.777
2020/08/02,107.956
2020/09/01,108.132
2020/09/02,108.097
2020/10/01,108.686
2020/10/02,108.862
2020/11/01,108.91
2020/11/02,108.801
2020/12/01,109.168
2020/12/02,109.374
2021/01/01,109.936
2021/01/02,110.484
2021/02/01,110.736
2021/02/02,111.079
2021/03/01,111.668
2021/03/02,111.981
2021/04/01,112.052
2021/04/02,112.328
2021/05/01,112.321
2021/05/02,112.517
2021/06/01,112.903
2021/06/02,113.132
2021/07/01,113.547
2021/07/02,113.818
2021/08/01,113.794
2021/08/02,114.003
2021/09/01,114.482
2021/09/02,114.72
2021/10/01,115.34
2021/10/02,115.781
2021/11/01,116.584
2021/11/02,117.184
2021/12/01,117.301
2021/12/02,117.314
2022/01/01,117.77
2022/01/02,118.234
2022/02/01,118.733
2022/02/02,119.229
2022/03/01,119.805
2022/03/02,120.513
2022/04/01,120.703
2022/04/02,120.916
2022/05/01,120.838
2022/05/02,121.206
2022/06/01,121.804
2022/06/02,122.285
2022/07/01,122.809
2022/07/02,123.088
2022/08/01,123.602999999999
2022/08/02,124.002
2022/09/01,124.507
2022/09/02,124.635
2022/10/01,125.182
2022/10/02,125.371
2022/11/01,126.069
2022/11/02,125.926
2022/12/01,126.417
2022/12/02,126.539
2023/01/01,127.116
2023/01/02,127.556
2023/02/01,127.942
2023/02/02,128.151
2023/03/01,128.341
2023/03/02,128.437
2023/04/01,128.229
2023/04/02,128.498
2023/05/01,128.09
2023/05/02,128.078
2023/06/01,128.109
2023/06/02,128.319
2023/07/01,128.695
2023/07/02,128.97
2023/08/01,129.38
2023/08/02,129.711
2023/09/01,130.033
2023/09/02,130.206
2023/10/01,130.522
2023/10/02,130.696
2023/11/01,131.514
2023/11/02,131.376
2023/12/01,132.058
2023/12/02,132.688
2024/01/01,133.34
2024/01/02,133.77
2024/02/01,133.639
2024/02/02,133.723
2024/03/01,134.085
2024/03/02,134.046
2024/04/01,134.169
2024/04/02,134.504
2024/05/01,134.218
2024/05/02,133.955
2024/06/01,134.236
2024/06/02,134.952
2024/07/01,135.911
2024/07/02,136.095
2024/08/01,136.056
2024/08/02,135.971
2024/09/01,136.091
2024/09/02,136.07
2024/10/01,136.649
2024/10/02,137.007
2024/11/01,137.509999999999
2024/11/02,137.339
2024/12/01,137.920999999999
2024/12/02,137.977
2025/01/01,138.257
2025/01/02,138.429
2025/02/01,138.631
2025/02/02,138.822
2025/03/01,139.012
2025/03/02,139.31
2025/04/01,139.484
2025/04/02,139.756
2025/05/01,139.878
2025/05/02,140.146
2025/06/01,140.292
2025/06/02,140.519
2025/07/01,140.731
2025/07/02,140.83
2025/08/01,140.8
2025/08/02,140.934
2025/09/01,141.181
2025/09/02,141.212
2025/10/01,141.608
2025/10/02,141.809
2025/11/01,142.47
2025/11/02,142.819
2025/12/01,143.057
2025/12/02,143.027
2026/01/01,143.466
2026/01/02,143.711
